,filename,plate.pos,arb.sort,sampID,sample.type,timepoint,date,time,extractplate,rnaprepplate
0,A2450525897_n01_LICRNA01_A01.fastq.gz,A01,1,LIC001,plant,t01,11/1/23,8:00,LIC_01,LICRNA_01
1,A2450525897_n01_LICRNA01_B01.fastq.gz,B01,2,LIC002,plant,t01,11/1/23,8:00,LIC_01,LICRNA_01
2,A2450525897_n01_LICRNA01_C01.fastq.gz,C01,3,LIC003,plant,t01,11/1/23,8:00,LIC_01,LICRNA_01
3,A2450525897_n01_LICRNA01_D01.fastq.gz,D01,4,LIC004,plant,t01,11/1/23,8:00,LIC_01,LICRNA_01
4,A2450525897_n01_LICRNA01_E01.fastq.gz,E01,5,LIC005,plant,t01,11/1/23,8:00,LIC_01,LICRNA_01
5,A2450525897_n01_LICRNA01_F01.fastq.gz,F01,6,LIC006,plant,t01,11/1/23,8:00,LIC_01,LICRNA_01
6,A2450525897_n01_LICRNA01_G01.fastq.gz,G01,7,LIC007,plant,t01,11/1/23,8:00,LIC_01,LICRNA_01
7,A2450525897_n01_LICRNA01_H01.fastq.gz,H01,8,LIC008,plant,t01,11/1/23,8:00,LIC_01,LICRNA_01
8,A2450525897_n01_LICRNA01_A02.fastq.gz,A02,9,LIC013,plant,t02,11/7/23,8:00,LIC_01,LICRNA_01
9,A2450525897_n01_LICRNA01_B02.fastq.gz,B02,10,LIC014,plant,t02,11/7/23,8:00,LIC_01,LICRNA_01
10,A2450525897_n01_LICRNA01_C02.fastq.gz,C02,11,LIC015,plant,t02,11/7/23,8:00,LIC_01,LICRNA_01
11,A2450525897_n01_LICRNA01_D02.fastq.gz,D02,12,LIC016,plant,t02,11/7/23,8:00,LIC_01,LICRNA_01
12,A2450525897_n01_LICRNA01_E02.fastq.gz,E02,13,LIC017,plant,t02,11/7/23,8:00,LIC_01,LICRNA_01
13,A2450525897_n01_LICRNA01_F02.fastq.gz,F02,14,LIC018,plant,t02,11/7/23,8:00,LIC_01,LICRNA_01
14,A2450525897_n01_LICRNA01_G02.fastq.gz,G02,15,LIC019,plant,t02,11/7/23,8:00,LIC_01,LICRNA_01
15,A2450525897_n01_LICRNA01_H02.fastq.gz,H02,16,LIC020,plant,t02,11/7/23,8:00,LIC_01,LICRNA_01
16,A2450525897_n01_LICRNA01_A03.fastq.gz,A03,17,LIC025,plant,t03,11/14/23,8:00,LIC_01,LICRNA_01
17,A2450525897_n01_LICRNA01_B03.fastq.gz,B03,18,LIC026,plant,t03,11/14/23,8:00,LIC_01,LICRNA_01
18,A2450525897_n01_LICRNA01_C03.fastq.gz,C03,19,LIC027,plant,t03,11/14/23,8:00,LIC_01,LICRNA_01
19,A2450525897_n01_LICRNA01_D03.fastq.gz,D03,20,LIC028,plant,t03,11/14/23,8:00,LIC_01,LICRNA_01
20,A2450525897_n01_LICRNA01_E03.fastq.gz,E03,21,LIC029,plant,t03,11/14/23,8:00,LIC_01,LICRNA_01
21,A2450525897_n01_LICRNA01_F03.fastq.gz,F03,22,LIC030,plant,t03,11/14/23,8:00,LIC_01,LICRNA_01
22,A2450525897_n01_LICRNA01_G03.fastq.gz,G03,23,LIC031,plant,t03,11/14/23,8:00,LIC_01,LICRNA_01
23,A2450525897_n01_LICRNA01_H03.fastq.gz,H03,24,LIC032,plant,t03,11/14/23,8:00,LIC_01,LICRNA_01
24,A2450525897_n01_LICRNA01_A04.fastq.gz,A04,25,LIC037,plant,t04,11/17/23,8:00,LIC_01,LICRNA_01
25,A2450525897_n01_LICRNA01_B04.fastq.gz,B04,26,LIC038,plant,t04,11/17/23,8:00,LIC_01,LICRNA_01
26,A2450525897_n01_LICRNA01_C04.fastq.gz,C04,27,LIC039,plant,t04,11/17/23,8:00,LIC_01,LICRNA_01
27,A2450525897_n01_LICRNA01_D04.fastq.gz,D04,28,LIC040,plant,t04,11/17/23,8:00,LIC_01,LICRNA_01
28,A2450525897_n01_LICRNA01_E04.fastq.gz,E04,29,LIC041,plant,t04,11/17/23,8:00,LIC_01,LICRNA_01
29,A2450525897_n01_LICRNA01_F04.fastq.gz,F04,30,LIC042,plant,t04,11/17/23,8:00,LIC_01,LICRNA_01
30,A2450525897_n01_LICRNA01_G04.fastq.gz,G04,31,LIC043,plant,t04,11/17/23,8:00,LIC_01,LICRNA_01
31,A2450525897_n01_LICRNA01_H04.fastq.gz,H04,32,LIC044,plant,t04,11/17/23,8:00,LIC_01,LICRNA_01
32,A2450525897_n01_LICRNA01_A05.fastq.gz,A05,33,LIC049,plant,t05,11/21/23,8:00,LIC_01,LICRNA_01
33,A2450525897_n01_LICRNA01_B05.fastq.gz,B05,34,LIC050,plant,t05,11/21/23,8:00,LIC_01,LICRNA_01
34,A2450525897_n01_LICRNA01_C05.fastq.gz,C05,35,LIC051,plant,t05,11/21/23,8:00,LIC_01,LICRNA_01
35,A2450525897_n01_LICRNA01_D05.fastq.gz,D05,36,LIC052,plant,t05,11/21/23,8:00,LIC_01,LICRNA_01
36,A2450525897_n01_LICRNA01_E05.fastq.gz,E05,37,LIC053,plant,t05,11/21/23,8:00,LIC_01,LICRNA_01
37,A2450525897_n01_LICRNA01_F05.fastq.gz,F05,38,LIC054,plant,t05,11/21/23,8:00,LIC_01,LICRNA_01
38,A2450525897_n01_LICRNA01_G05.fastq.gz,G05,39,LIC055,plant,t05,11/21/23,8:00,LIC_01,LICRNA_01
39,A2450525897_n01_LICRNA01_H05.fastq.gz,H05,40,LIC056,plant,t05,11/21/23,8:00,LIC_01,LICRNA_01
40,A2450525897_n01_LICRNA01_A06.fastq.gz,A06,41,LIC061,plant,t06,11/28/23,8:00,LIC_01,LICRNA_01
41,A2450525897_n01_LICRNA01_B06.fastq.gz,B06,42,LIC062,plant,t06,11/28/23,8:00,LIC_01,LICRNA_01
42,A2450525897_n01_LICRNA01_C06.fastq.gz,C06,43,LIC063,plant,t06,11/28/23,8:00,LIC_01,LICRNA_01
43,A2450525897_n01_LICRNA01_D06.fastq.gz,D06,44,LIC064,plant,t06,11/28/23,8:00,LIC_01,LICRNA_01
44,A2450525897_n01_LICRNA01_E06.fastq.gz,E06,45,LIC065,plant,t06,11/28/23,8:00,LIC_01,LICRNA_01
45,A2450525897_n01_LICRNA01_F06.fastq.gz,F06,46,LIC066,plant,t06,11/28/23,8:00,LIC_01,LICRNA_01
46,A2450525897_n01_LICRNA01_G06.fastq.gz,G06,47,LIC067,plant,t06,11/28/23,8:00,LIC_01,LICRNA_01
47,A2450525897_n01_LICRNA01_H06.fastq.gz,H06,48,LIC068,plant,t06,11/28/23,8:00,LIC_01,LICRNA_01
48,A2450525897_n01_LICRNA01_A07.fastq.gz,A07,49,LIC073,plant,t07,12/1/23,8:00,LIC_01,LICRNA_01
49,A2450525897_n01_LICRNA01_B07.fastq.gz,B07,50,LIC074,plant,t07,12/1/23,8:00,LIC_01,LICRNA_01
50,A2450525897_n01_LICRNA01_C07.fastq.gz,C07,51,LIC075,plant,t07,12/1/23,8:00,LIC_01,LICRNA_01
51,A2450525897_n01_LICRNA01_D07.fastq.gz,D07,52,LIC076,plant,t07,12/1/23,8:00,LIC_01,LICRNA_01
52,A2450525897_n01_LICRNA01_E07.fastq.gz,E07,53,LIC077,plant,t07,12/1/23,8:00,LIC_01,LICRNA_01
53,A2450525897_n01_LICRNA01_F07.fastq.gz,F07,54,LIC078,plant,t07,12/1/23,8:00,LIC_01,LICRNA_01
54,A2450525897_n01_LICRNA01_G07.fastq.gz,G07,55,LIC079,plant,t07,12/1/23,8:00,LIC_01,LICRNA_01
55,A2450525897_n01_LICRNA01_H07.fastq.gz,H07,56,LIC080,plant,t07,12/1/23,8:00,LIC_01,LICRNA_01
56,A2450525897_n01_LICRNA01_A08.fastq.gz,A08,57,LIC097,plant,t09,12/8/23,8:00,LIC_02,LICRNA_01
57,A2450525897_n01_LICRNA01_B08.fastq.gz,B08,58,LIC098,plant,t09,12/8/23,8:00,LIC_02,LICRNA_01
58,A2450525897_n01_LICRNA01_C08.fastq.gz,C08,59,LIC099,plant,t09,12/8/23,8:00,LIC_02,LICRNA_01
59,A2450525897_n01_LICRNA01_D08.fastq.gz,D08,60,LIC100,plant,t09,12/8/23,8:00,LIC_02,LICRNA_01
60,A2450525897_n01_LICRNA01_E08.fastq.gz,E08,61,LIC101,plant,t09,12/8/23,8:00,LIC_02,LICRNA_01
61,A2450525897_n01_LICRNA01_F08.fastq.gz,F08,62,LIC102,plant,t09,12/8/23,8:00,LIC_02,LICRNA_01
62,A2450525897_n01_LICRNA01_G08.fastq.gz,G08,63,LIC103,plant,t09,12/8/23,8:00,LIC_02,LICRNA_01
63,A2450525897_n01_LICRNA01_H08.fastq.gz,H08,64,LIC104,plant,t09,12/8/23,8:00,LIC_02,LICRNA_01
64,A2450525897_n01_LICRNA01_A09.fastq.gz,A09,65,LIC109,plant,t10,12/12/23,8:00,LIC_02,LICRNA_01
65,A2450525897_n01_LICRNA01_B09.fastq.gz,B09,66,LIC110,plant,t10,12/12/23,8:00,LIC_02,LICRNA_01
66,A2450525897_n01_LICRNA01_C09.fastq.gz,C09,67,LIC111,plant,t10,12/12/23,8:00,LIC_02,LICRNA_01
67,A2450525897_n01_LICRNA01_D09.fastq.gz,D09,68,LIC112,plant,t10,12/12/23,8:00,LIC_02,LICRNA_01
68,A2450525897_n01_LICRNA01_E09.fastq.gz,E09,69,LIC113,plant,t10,12/12/23,8:00,LIC_02,LICRNA_01
69,A2450525897_n01_LICRNA01_F09.fastq.gz,F09,70,LIC114,plant,t10,12/12/23,8:00,LIC_02,LICRNA_01
70,A2450525897_n01_LICRNA01_G09.fastq.gz,G09,71,LIC115,plant,t10,12/12/23,8:00,LIC_02,LICRNA_01
71,A2450525897_n01_LICRNA01_H09.fastq.gz,H09,72,LIC116,plant,t10,12/12/23,8:00,LIC_02,LICRNA_01
72,A2450525897_n01_LICRNA01_A10.fastq.gz,A10,73,LIC121,plant,t11,12/15/23,8:00,LIC_02,LICRNA_01
73,A2450525897_n01_LICRNA01_B10.fastq.gz,B10,74,LIC122,plant,t11,12/15/23,8:00,LIC_02,LICRNA_01
74,A2450525897_n01_LICRNA01_C10.fastq.gz,C10,75,LIC123,plant,t11,12/15/23,8:00,LIC_02,LICRNA_01
75,A2450525897_n01_LICRNA01_D10.fastq.gz,D10,76,LIC124,plant,t11,12/15/23,8:00,LIC_02,LICRNA_01
76,A2450525897_n01_LICRNA01_E10.fastq.gz,E10,77,LIC125,plant,t11,12/15/23,8:00,LIC_02,LICRNA_01
77,A2450525897_n01_LICRNA01_F10.fastq.gz,F10,78,LIC126,plant,t11,12/15/23,8:00,LIC_02,LICRNA_01
78,A2450525897_n01_LICRNA01_G10.fastq.gz,G10,79,LIC127,plant,t11,12/15/23,8:00,LIC_02,LICRNA_01
79,A2450525897_n01_LICRNA01_H10.fastq.gz,H10,80,LIC128,plant,t11,12/15/23,8:00,LIC_02,LICRNA_01
80,A2450525897_n01_LICRNA01_A11.fastq.gz,A11,81,LIC133,plant,t12,1/5/24,8:00,LIC_02,LICRNA_01
81,A2450525897_n01_LICRNA01_B11.fastq.gz,B11,82,LIC134,plant,t12,1/5/24,8:00,LIC_02,LICRNA_01
82,A2450525897_n01_LICRNA01_C11.fastq.gz,C11,83,LIC135,plant,t12,1/5/24,8:00,LIC_02,LICRNA_01
83,A2450525897_n01_LICRNA01_D11.fastq.gz,D11,84,LIC136,plant,t12,1/5/24,8:00,LIC_02,LICRNA_01
84,A2450525897_n01_LICRNA01_E11.fastq.gz,E11,85,LIC137,plant,t12,1/5/24,8:00,LIC_02,LICRNA_01
85,A2450525897_n01_LICRNA01_F11.fastq.gz,F11,86,LIC138,plant,t12,1/5/24,8:00,LIC_02,LICRNA_01
86,A2450525897_n01_LICRNA01_G11.fastq.gz,G11,87,LIC139,plant,t12,1/5/24,8:00,LIC_02,LICRNA_01
87,A2450525897_n01_LICRNA01_H11.fastq.gz,H11,88,LIC140,plant,t12,1/5/24,8:00,LIC_02,LICRNA_01
88,A2450525897_n01_LICRNA01_A12.fastq.gz,A12,89,LIC145,plant,t13,1/15/24,8:00,LIC_02,LICRNA_01
89,A2450525897_n01_LICRNA01_B12.fastq.gz,B12,90,LIC146,plant,t13,1/15/24,8:00,LIC_02,LICRNA_01
90,A2450525897_n01_LICRNA01_C12.fastq.gz,C12,91,LIC147,plant,t13,1/15/24,8:00,LIC_02,LICRNA_01
91,A2450525897_n01_LICRNA01_D12.fastq.gz,D12,92,LIC148,plant,t13,1/15/24,8:00,LIC_02,LICRNA_01
92,A2450525897_n01_LICRNA01_E12.fastq.gz,E12,93,LIC149,plant,t13,1/15/24,8:00,LIC_02,LICRNA_01
93,A2450525897_n01_LICRNA01_F12.fastq.gz,F12,94,LIC150,plant,t13,1/15/24,8:00,LIC_02,LICRNA_01
94,A2450525897_n01_LICRNA01_G12.fastq.gz,G12,95,LIC151,plant,t13,1/15/24,8:00,LIC_02,LICRNA_01
95,A2450525897_n01_LICRNA01_H12.fastq.gz,H12,96,LIC152,plant,t13,1/15/24,8:00,LIC_02,LICRNA_01
96,A2449446903_n01_LICRNA02_A01.fastq.gz,A01,1,LIC157,plant,t14,1/23/24,8:00,LIC_02,LICRNA_02
97,A2449446903_n01_LICRNA02_B01.fastq.gz,B01,2,LIC158,plant,t14,1/23/24,8:00,LIC_02,LICRNA_02
98,A2449446903_n01_LICRNA02_C01.fastq.gz,C01,3,LIC159,plant,t14,1/23/24,8:00,LIC_02,LICRNA_02
99,A2449446903_n01_LICRNA02_D01.fastq.gz,D01,4,LIC160,plant,t14,1/23/24,8:00,LIC_02,LICRNA_02
100,A2449446903_n01_LICRNA02_E01.fastq.gz,E01,5,LIC161,plant,t14,1/23/24,8:00,LIC_02,LICRNA_02
101,A2449446903_n01_LICRNA02_F01.fastq.gz,F01,6,LIC162,plant,t14,1/23/24,8:00,LIC_02,LICRNA_02
102,A2449446903_n01_LICRNA02_G01.fastq.gz,G01,7,LIC163,plant,t14,1/23/24,8:00,LIC_02,LICRNA_02
103,A2449446903_n01_LICRNA02_H01.fastq.gz,H01,8,LIC164,plant,t14,1/23/24,8:00,LIC_02,LICRNA_02
104,A2449446903_n01_LICRNA02_A02.fastq.gz,A02,9,LIC169,plant,t15,1/27/24,8:00,LIC_02,LICRNA_02
105,A2449446903_n01_LICRNA02_B02.fastq.gz,B02,10,LIC170,plant,t15,1/27/24,8:00,LIC_02,LICRNA_02
106,A2449446903_n01_LICRNA02_C02.fastq.gz,C02,11,LIC171,plant,t15,1/27/24,8:00,LIC_02,LICRNA_02
107,A2449446903_n01_LICRNA02_D02.fastq.gz,D02,12,LIC172,plant,t15,1/27/24,8:00,LIC_02,LICRNA_02
108,A2449446903_n01_LICRNA02_E02.fastq.gz,E02,13,LIC173,plant,t15,1/27/24,8:00,LIC_02,LICRNA_02
109,A2449446903_n01_LICRNA02_F02.fastq.gz,F02,14,LIC174,plant,t15,1/27/24,8:00,LIC_02,LICRNA_02
110,A2449446903_n01_LICRNA02_G02.fastq.gz,G02,15,LIC175,plant,t15,1/27/24,8:00,LIC_02,LICRNA_02
111,A2449446903_n01_LICRNA02_H02.fastq.gz,H02,16,LIC176,plant,t15,1/27/24,8:00,LIC_02,LICRNA_02
112,A2449446903_n01_LICRNA02_A03.fastq.gz,A03,17,LIC193,plant,t17,2/2/24,8:00,LIC_03,LICRNA_02
113,A2449446903_n01_LICRNA02_B03.fastq.gz,B03,18,LIC194,plant,t17,2/2/24,8:00,LIC_03,LICRNA_02
114,A2449446903_n01_LICRNA02_C03.fastq.gz,C03,19,LIC195,plant,t17,2/2/24,8:00,LIC_03,LICRNA_02
115,A2449446903_n01_LICRNA02_D03.fastq.gz,D03,20,LIC196,plant,t17,2/2/24,8:00,LIC_03,LICRNA_02
116,A2449446903_n01_LICRNA02_E03.fastq.gz,E03,21,LIC197,plant,t17,2/2/24,8:00,LIC_03,LICRNA_02
117,A2449446903_n01_LICRNA02_F03.fastq.gz,F03,22,LIC198,plant,t17,2/2/24,8:00,LIC_03,LICRNA_02
118,A2449446903_n01_LICRNA02_G03.fastq.gz,G03,23,LIC199,plant,t17,2/2/24,8:00,LIC_03,LICRNA_02
119,A2449446903_n01_LICRNA02_H03.fastq.gz,H03,24,LIC200,plant,t17,2/2/24,8:00,LIC_03,LICRNA_02
120,A2449446903_n01_LICRNA02_A04.fastq.gz,A04,25,LIC205,plant,t18,2/6/24,8:00,LIC_03,LICRNA_02
121,A2449446903_n01_LICRNA02_B04.fastq.gz,B04,26,LIC206,plant,t18,2/6/24,8:00,LIC_03,LICRNA_02
122,A2449446903_n01_LICRNA02_C04.fastq.gz,C04,27,LIC207,plant,t18,2/6/24,8:00,LIC_03,LICRNA_02
123,A2449446903_n01_LICRNA02_D04.fastq.gz,D04,28,LIC208,plant,t18,2/6/24,8:00,LIC_03,LICRNA_02
124,A2449446903_n01_LICRNA02_E04.fastq.gz,E04,29,LIC209,plant,t18,2/6/24,8:00,LIC_03,LICRNA_02
125,A2449446903_n01_LICRNA02_F04.fastq.gz,F04,30,LIC210,plant,t18,2/6/24,8:00,LIC_03,LICRNA_02
126,A2449446903_n01_LICRNA02_G04.fastq.gz,G04,31,LIC211,plant,t18,2/6/24,8:00,LIC_03,LICRNA_02
127,A2449446903_n01_LICRNA02_H04.fastq.gz,H04,32,LIC212,plant,t18,2/6/24,8:00,LIC_03,LICRNA_02
128,A2449446903_n01_LICRNA02_A05.fastq.gz,A05,33,LIC217,plant,t19,2/9/24,8:00,LIC_03,LICRNA_02
129,A2449446903_n01_LICRNA02_B05.fastq.gz,B05,34,LIC218,plant,t19,2/9/24,8:00,LIC_03,LICRNA_02
130,A2449446903_n01_LICRNA02_C05.fastq.gz,C05,35,LIC219,plant,t19,2/9/24,8:00,LIC_03,LICRNA_02
131,A2449446903_n01_LICRNA02_D05.fastq.gz,D05,36,LIC220,plant,t19,2/9/24,8:00,LIC_03,LICRNA_02
132,A2449446903_n01_LICRNA02_E05.fastq.gz,E05,37,LIC221,plant,t19,2/9/24,8:00,LIC_03,LICRNA_02
133,A2449446903_n01_LICRNA02_F05.fastq.gz,F05,38,LIC222,plant,t19,2/9/24,8:00,LIC_03,LICRNA_02
134,A2449446903_n01_LICRNA02_G05.fastq.gz,G05,39,LIC223,plant,t19,2/9/24,8:00,LIC_03,LICRNA_02
135,A2449446903_n01_LICRNA02_H05.fastq.gz,H05,40,LIC224,plant,t19,2/9/24,8:00,LIC_03,LICRNA_02
136,A2449446903_n01_LICRNA02_A06.fastq.gz,A06,41,LIC229,plant,t20,2/16/24,8:00,LIC_03,LICRNA_02
137,A2449446903_n01_LICRNA02_B06.fastq.gz,B06,42,LIC230,plant,t20,2/16/24,8:00,LIC_03,LICRNA_02
138,A2449446903_n01_LICRNA02_C06.fastq.gz,C06,43,LIC231,plant,t20,2/16/24,8:00,LIC_03,LICRNA_02
139,A2449446903_n01_LICRNA02_D06.fastq.gz,D06,44,LIC232,plant,t20,2/16/24,8:00,LIC_03,LICRNA_02
140,A2449446903_n01_LICRNA02_E06.fastq.gz,E06,45,LIC233,plant,t20,2/16/24,8:00,LIC_03,LICRNA_02
141,A2449446903_n01_LICRNA02_F06.fastq.gz,F06,46,LIC234,plant,t20,2/16/24,8:00,LIC_03,LICRNA_02
142,A2449446903_n01_LICRNA02_G06.fastq.gz,G06,47,LIC235,plant,t20,2/16/24,8:00,LIC_03,LICRNA_02
143,A2449446903_n01_LICRNA02_H06.fastq.gz,H06,48,LIC236,plant,t20,2/16/24,8:00,LIC_03,LICRNA_02
144,A2449446903_n01_LICRNA02_A07.fastq.gz,A07,49,LIC241,plant,t21,2/20/24,8:00,LIC_03,LICRNA_02
145,A2449446903_n01_LICRNA02_B07.fastq.gz,B07,50,LIC242,plant,t21,2/20/24,8:00,LIC_03,LICRNA_02
146,A2449446903_n01_LICRNA02_C07.fastq.gz,C07,51,LIC243,plant,t21,2/20/24,8:00,LIC_03,LICRNA_02
147,A2449446903_n01_LICRNA02_D07.fastq.gz,D07,52,LIC244,plant,t21,2/20/24,8:00,LIC_03,LICRNA_02
148,A2449446903_n01_LICRNA02_E07.fastq.gz,E07,53,LIC245,plant,t21,2/20/24,8:00,LIC_03,LICRNA_02
149,A2449446903_n01_LICRNA02_F07.fastq.gz,F07,54,LIC246,plant,t21,2/20/24,8:00,LIC_03,LICRNA_02
150,A2449446903_n01_LICRNA02_G07.fastq.gz,G07,55,LIC247,plant,t21,2/20/24,8:00,LIC_03,LICRNA_02
151,A2449446903_n01_LICRNA02_H07.fastq.gz,H07,56,LIC248,plant,t21,2/20/24,8:00,LIC_03,LICRNA_02
152,A2449446903_n01_LICRNA02_A08.fastq.gz,A08,57,LIC253,plant,t22,2/23/24,8:00,LIC_03,LICRNA_02
153,A2449446903_n01_LICRNA02_B08.fastq.gz,B08,58,LIC254,plant,t22,2/23/24,8:00,LIC_03,LICRNA_02
154,A2449446903_n01_LICRNA02_C08.fastq.gz,C08,59,LIC255,plant,t22,2/23/24,8:00,LIC_03,LICRNA_02
155,A2449446903_n01_LICRNA02_D08.fastq.gz,D08,60,LIC256,plant,t22,2/23/24,8:00,LIC_03,LICRNA_02
156,A2449446903_n01_LICRNA02_E08.fastq.gz,E08,61,LIC257,plant,t22,2/23/24,8:00,LIC_03,LICRNA_02
157,A2449446903_n01_LICRNA02_F08.fastq.gz,F08,62,LIC258,plant,t22,2/23/24,8:00,LIC_03,LICRNA_02
158,A2449446903_n01_LICRNA02_G08.fastq.gz,G08,63,LIC259,plant,t22,2/23/24,8:00,LIC_03,LICRNA_02
159,A2449446903_n01_LICRNA02_H08.fastq.gz,H08,64,LIC260,plant,t22,2/23/24,8:00,LIC_03,LICRNA_02
160,A2449446903_n01_LICRNA02_A09.fastq.gz,A09,65,LIC265,plant,t23,2/26/24,8:00,LIC_03,LICRNA_02
161,A2449446903_n01_LICRNA02_B09.fastq.gz,B09,66,LIC266,plant,t23,2/26/24,8:00,LIC_03,LICRNA_02
162,A2449446903_n01_LICRNA02_C09.fastq.gz,C09,67,LIC267,plant,t23,2/26/24,8:00,LIC_03,LICRNA_02
163,A2449446903_n01_LICRNA02_D09.fastq.gz,D09,68,LIC268,plant,t23,2/26/24,8:00,LIC_03,LICRNA_02
164,A2449446903_n01_LICRNA02_E09.fastq.gz,E09,69,LIC269,plant,t23,2/26/24,8:00,LIC_03,LICRNA_02
165,A2449446903_n01_LICRNA02_F09.fastq.gz,F09,70,LIC270,plant,t23,2/26/24,8:00,LIC_03,LICRNA_02
166,A2449446903_n01_LICRNA02_G09.fastq.gz,G09,71,LIC271,plant,t23,2/26/24,8:00,LIC_03,LICRNA_02
167,A2449446903_n01_LICRNA02_H09.fastq.gz,H09,72,LIC272,plant,t23,2/26/24,8:00,LIC_03,LICRNA_02
168,A2449446903_n01_LICRNA02_A10.fastq.gz,A10,73,LIC289,plant,t25,3/5/24,8:00,LIC_04,LICRNA_02
169,A2449446903_n01_LICRNA02_B10.fastq.gz,B10,74,LIC290,plant,t25,3/5/24,8:00,LIC_04,LICRNA_02
170,A2449446903_n01_LICRNA02_C10.fastq.gz,C10,75,LIC291,plant,t25,3/5/24,8:00,LIC_04,LICRNA_02
171,A2449446903_n01_LICRNA02_D10.fastq.gz,D10,76,LIC292,plant,t25,3/5/24,8:00,LIC_04,LICRNA_02
172,A2449446903_n01_LICRNA02_E10.fastq.gz,E10,77,LIC293,plant,t25,3/5/24,8:00,LIC_04,LICRNA_02
173,A2449446903_n01_LICRNA02_F10.fastq.gz,F10,78,LIC294,plant,t25,3/5/24,8:00,LIC_04,LICRNA_02
174,A2449446903_n01_LICRNA02_G10.fastq.gz,G10,79,LIC295,plant,t25,3/5/24,8:00,LIC_04,LICRNA_02
175,A2449446903_n01_LICRNA02_H10.fastq.gz,H10,80,LIC296,plant,t25,3/5/24,8:00,LIC_04,LICRNA_02
176,A2449446903_n01_LICRNA02_A11.fastq.gz,A11,81,LIC301,plant,t26,3/8/24,8:00,LIC_04,LICRNA_02
177,A2449446903_n01_LICRNA02_B11.fastq.gz,B11,82,LIC302,plant,t26,3/8/24,8:00,LIC_04,LICRNA_02
178,A2449446903_n01_LICRNA02_C11.fastq.gz,C11,83,LIC303,plant,t26,3/8/24,8:00,LIC_04,LICRNA_02
179,A2449446903_n01_LICRNA02_D11.fastq.gz,D11,84,LIC304,plant,t26,3/8/24,8:00,LIC_04,LICRNA_02
180,A2449446903_n01_LICRNA02_E11.fastq.gz,E11,85,LIC305,plant,t26,3/8/24,8:00,LIC_04,LICRNA_02
181,A2449446903_n01_LICRNA02_F11.fastq.gz,F11,86,LIC306,plant,t26,3/8/24,8:00,LIC_04,LICRNA_02
182,A2449446903_n01_LICRNA02_G11.fastq.gz,G11,87,LIC307,plant,t26,3/8/24,8:00,LIC_04,LICRNA_02
183,A2449446903_n01_LICRNA02_H11.fastq.gz,H11,88,LIC308,plant,t26,3/8/24,8:00,LIC_04,LICRNA_02
184,A2449446903_n01_LICRNA02_A12.fastq.gz,A12,89,LIC313,plant,t27,3/12/24,8:00,LIC_04,LICRNA_02
185,A2449446903_n01_LICRNA02_B12.fastq.gz,B12,90,LIC314,plant,t27,3/12/24,8:00,LIC_04,LICRNA_02
186,A2449446903_n01_LICRNA02_C12.fastq.gz,C12,91,LIC315,plant,t27,3/12/24,8:00,LIC_04,LICRNA_02
187,A2449446903_n01_LICRNA02_D12.fastq.gz,D12,92,LIC316,plant,t27,3/12/24,8:00,LIC_04,LICRNA_02
188,A2449446903_n01_LICRNA02_E12.fastq.gz,E12,93,LIC317,plant,t27,3/12/24,8:00,LIC_04,LICRNA_02
189,A2449446903_n01_LICRNA02_F12.fastq.gz,F12,94,LIC318,plant,t27,3/12/24,8:00,LIC_04,LICRNA_02
190,A2449446903_n01_LICRNA02_G12.fastq.gz,G12,95,LIC319,plant,t27,3/12/24,8:00,LIC_04,LICRNA_02
191,A2449446903_n01_LICRNA02_H12.fastq.gz,H12,96,LIC320,plant,t27,3/12/24,8:00,LIC_04,LICRNA_02
192,B250508004_n01_LICRNA03_A01.fastq.gz,A01,1,LIC325,plant,t28,3/14/24,8:00,LIC_04,LICRNA_03
193,B250508004_n01_LICRNA03_B01.fastq.gz,B01,2,LIC326,plant,t28,3/14/24,8:00,LIC_04,LICRNA_03
194,B250508004_n01_LICRNA03_C01.fastq.gz,C01,3,LIC327,plant,t28,3/14/24,8:00,LIC_04,LICRNA_03
195,B250508004_n01_LICRNA03_D01.fastq.gz,D01,4,LIC328,plant,t28,3/14/24,8:00,LIC_04,LICRNA_03
196,B250508004_n01_LICRNA03_E01.fastq.gz,E01,5,LIC329,plant,t28,3/14/24,8:00,LIC_04,LICRNA_03
197,B250508004_n01_LICRNA03_F01.fastq.gz,F01,6,LIC330,plant,t28,3/14/24,8:00,LIC_04,LICRNA_03
198,B250508004_n01_LICRNA03_G01.fastq.gz,G01,7,LIC331,plant,t28,3/14/24,8:00,LIC_04,LICRNA_03
199,B250508004_n01_LICRNA03_H01.fastq.gz,H01,8,LIC332,plant,t28,3/14/24,8:00,LIC_04,LICRNA_03
200,B250508004_n01_LICRNA03_A02.fastq.gz,A02,9,LIC337,plant,t24,3/1/24,8:00,LIC_04,LICRNA_03
201,B250508004_n01_LICRNA03_B02.fastq.gz,B02,10,LIC338,plant,t24,3/1/24,8:00,LIC_04,LICRNA_03
202,B250508004_n01_LICRNA03_C02.fastq.gz,C02,11,LIC339,plant,t24,3/1/24,8:00,LIC_04,LICRNA_03
203,B250508004_n01_LICRNA03_D02.fastq.gz,D02,12,LIC340,plant,t24,3/1/24,8:00,LIC_04,LICRNA_03
204,B250508004_n01_LICRNA03_E02.fastq.gz,E02,13,LIC341,plant,t24,3/1/24,8:00,LIC_04,LICRNA_03
205,B250508004_n01_LICRNA03_F02.fastq.gz,F02,14,LIC342,plant,t24,3/1/24,8:00,LIC_04,LICRNA_03
206,B250508004_n01_LICRNA03_G02.fastq.gz,G02,15,LIC343,plant,t24,3/1/24,8:00,LIC_04,LICRNA_03
207,B250508004_n01_LICRNA03_H02.fastq.gz,H02,16,LIC344,plant,t24,3/1/24,8:00,LIC_04,LICRNA_03
208,B250508004_n01_LICRNA03_A03.fastq.gz,A03,17,LIC349,plant,t16,1/30/24,8:00,LIC_04,LICRNA_03
209,B250508004_n01_LICRNA03_B03.fastq.gz,B03,18,LIC350,plant,t16,1/30/24,8:00,LIC_04,LICRNA_03
210,B250508004_n01_LICRNA03_C03.fastq.gz,C03,19,LIC351,plant,t16,1/30/24,8:00,LIC_04,LICRNA_03
211,B250508004_n01_LICRNA03_D03.fastq.gz,D03,20,LIC352,plant,t16,1/30/24,8:00,LIC_04,LICRNA_03
212,B250508004_n01_LICRNA03_E03.fastq.gz,E03,21,LIC353,plant,t16,1/30/24,8:00,LIC_04,LICRNA_03
213,B250508004_n01_LICRNA03_F03.fastq.gz,F03,22,LIC354,plant,t16,1/30/24,8:00,LIC_04,LICRNA_03
214,B250508004_n01_LICRNA03_G03.fastq.gz,G03,23,LIC355,plant,t16,1/30/24,8:00,LIC_04,LICRNA_03
215,B250508004_n01_LICRNA03_H03.fastq.gz,H03,24,LIC356,plant,t16,1/30/24,8:00,LIC_04,LICRNA_03
216,B250508004_n01_LICRNA03_A04.fastq.gz,A04,25,LIC361,plant,t08,12/5/23,8:00,LIC_04,LICRNA_03
217,B250508004_n01_LICRNA03_B04.fastq.gz,B04,26,LIC362,plant,t08,12/5/23,8:00,LIC_04,LICRNA_03
218,B250508004_n01_LICRNA03_C04.fastq.gz,C04,27,LIC363,plant,t08,12/5/23,8:00,LIC_04,LICRNA_03
219,B250508004_n01_LICRNA03_D04.fastq.gz,D04,28,LIC364,plant,t08,12/5/23,8:00,LIC_04,LICRNA_03
220,B250508004_n01_LICRNA03_E04.fastq.gz,E04,29,LIC365,plant,t08,12/5/23,8:00,LIC_04,LICRNA_03
221,B250508004_n01_LICRNA03_F04.fastq.gz,F04,30,LIC366,plant,t08,12/5/23,8:00,LIC_04,LICRNA_03
222,B250508004_n01_LICRNA03_G04.fastq.gz,G04,31,LIC367,plant,t08,12/5/23,8:00,LIC_04,LICRNA_03
223,B250508004_n01_LICRNA03_H04.fastq.gz,H04,32,LIC368,plant,t08,12/5/23,8:00,LIC_04,LICRNA_03
224,B250508004_n01_LICRNA03_A05.fastq.gz,A05,33,LIC385,plant,c1_t01,2/9/24,20:00,LICCIRC_01,LICRNA_03
225,B250508004_n01_LICRNA03_B05.fastq.gz,B05,34,LIC386,plant,c1_t01,2/9/24,20:00,LICCIRC_01,LICRNA_03
226,B250508004_n01_LICRNA03_C05.fastq.gz,C05,35,LIC387,plant,c1_t01,2/9/24,20:00,LICCIRC_01,LICRNA_03
227,B250508004_n01_LICRNA03_D05.fastq.gz,D05,36,LIC388,plant,c1_t01,2/9/24,20:00,LICCIRC_01,LICRNA_03
228,B250508004_n01_LICRNA03_E05.fastq.gz,E05,37,LIC389,plant,c1_t01,2/9/24,20:00,LICCIRC_01,LICRNA_03
229,B250508004_n01_LICRNA03_F05.fastq.gz,F05,38,LIC390,plant,c1_t01,2/9/24,20:00,LICCIRC_01,LICRNA_03
230,B250508004_n01_LICRNA03_G05.fastq.gz,G05,39,LIC391,plant,c1_t01,2/9/24,20:00,LICCIRC_01,LICRNA_03
231,B250508004_n01_LICRNA03_H05.fastq.gz,H05,40,LIC392,plant,c1_t01,2/9/24,20:00,LICCIRC_01,LICRNA_03
232,B250508004_n01_LICRNA03_A06.fastq.gz,A06,41,LIC397,plant,c1_t02,2/10/24,0:00,LICCIRC_01,LICRNA_03
233,B250508004_n01_LICRNA03_B06.fastq.gz,B06,42,LIC398,plant,c1_t02,2/10/24,0:00,LICCIRC_01,LICRNA_03
234,B250508004_n01_LICRNA03_C06.fastq.gz,C06,43,LIC399,plant,c1_t02,2/10/24,0:00,LICCIRC_01,LICRNA_03
235,B250508004_n01_LICRNA03_D06.fastq.gz,D06,44,LIC400,plant,c1_t02,2/10/24,0:00,LICCIRC_01,LICRNA_03
236,B250508004_n01_LICRNA03_E06.fastq.gz,E06,45,LIC401,plant,c1_t02,2/10/24,0:00,LICCIRC_01,LICRNA_03
237,B250508004_n01_LICRNA03_F06.fastq.gz,F06,46,LIC402,plant,c1_t02,2/10/24,0:00,LICCIRC_01,LICRNA_03
238,B250508004_n01_LICRNA03_G06.fastq.gz,G06,47,LIC403,plant,c1_t02,2/10/24,0:00,LICCIRC_01,LICRNA_03
239,B250508004_n01_LICRNA03_H06.fastq.gz,H06,48,LIC404,plant,c1_t02,2/10/24,0:00,LICCIRC_01,LICRNA_03
240,B250508004_n01_LICRNA03_A07.fastq.gz,A07,49,LIC409,plant,c1_t03,2/10/24,4:00,LICCIRC_01,LICRNA_03
241,B250508004_n01_LICRNA03_B07.fastq.gz,B07,50,LIC410,plant,c1_t03,2/10/24,4:00,LICCIRC_01,LICRNA_03
242,B250508004_n01_LICRNA03_C07.fastq.gz,C07,51,LIC411,plant,c1_t03,2/10/24,4:00,LICCIRC_01,LICRNA_03
243,B250508004_n01_LICRNA03_D07.fastq.gz,D07,52,LIC412,plant,c1_t03,2/10/24,4:00,LICCIRC_01,LICRNA_03
244,B250508004_n01_LICRNA03_E07.fastq.gz,E07,53,LIC413,plant,c1_t03,2/10/24,4:00,LICCIRC_01,LICRNA_03
245,B250508004_n01_LICRNA03_F07.fastq.gz,F07,54,LIC414,plant,c1_t03,2/10/24,4:00,LICCIRC_01,LICRNA_03
246,B250508004_n01_LICRNA03_G07.fastq.gz,G07,55,LIC415,plant,c1_t03,2/10/24,4:00,LICCIRC_01,LICRNA_03
247,B250508004_n01_LICRNA03_H07.fastq.gz,H07,56,LIC416,plant,c1_t03,2/10/24,4:00,LICCIRC_01,LICRNA_03
248,B250508004_n01_LICRNA03_A08.fastq.gz,A08,57,LIC421,plant,c1_t04,2/10/24,8:00,LICCIRC_01,LICRNA_03
249,B250508004_n01_LICRNA03_B08.fastq.gz,B08,58,LIC422,plant,c1_t04,2/10/24,8:00,LICCIRC_01,LICRNA_03
250,B250508004_n01_LICRNA03_C08.fastq.gz,C08,59,LIC423,plant,c1_t04,2/10/24,8:00,LICCIRC_01,LICRNA_03
251,B250508004_n01_LICRNA03_D08.fastq.gz,D08,60,LIC424,plant,c1_t04,2/10/24,8:00,LICCIRC_01,LICRNA_03
252,B250508004_n01_LICRNA03_E08.fastq.gz,E08,61,LIC425,plant,c1_t04,2/10/24,8:00,LICCIRC_01,LICRNA_03
253,B250508004_n01_LICRNA03_F08.fastq.gz,F08,62,LIC426,plant,c1_t04,2/10/24,8:00,LICCIRC_01,LICRNA_03
254,B250508004_n01_LICRNA03_G08.fastq.gz,G08,63,LIC427,plant,c1_t04,2/10/24,8:00,LICCIRC_01,LICRNA_03
255,B250508004_n01_LICRNA03_H08.fastq.gz,H08,64,LIC428,plant,c1_t04,2/10/24,8:00,LICCIRC_01,LICRNA_03
256,B250508004_n01_LICRNA03_A09.fastq.gz,A09,65,LIC433,plant,c1_t05,2/10/24,12:00,LICCIRC_01,LICRNA_03
257,B250508004_n01_LICRNA03_B09.fastq.gz,B09,66,LIC434,plant,c1_t05,2/10/24,12:00,LICCIRC_01,LICRNA_03
258,B250508004_n01_LICRNA03_C09.fastq.gz,C09,67,LIC435,plant,c1_t05,2/10/24,12:00,LICCIRC_01,LICRNA_03
259,B250508004_n01_LICRNA03_D09.fastq.gz,D09,68,LIC436,plant,c1_t05,2/10/24,12:00,LICCIRC_01,LICRNA_03
260,B250508004_n01_LICRNA03_E09.fastq.gz,E09,69,LIC437,plant,c1_t05,2/10/24,12:00,LICCIRC_01,LICRNA_03
261,B250508004_n01_LICRNA03_F09.fastq.gz,F09,70,LIC438,plant,c1_t05,2/10/24,12:00,LICCIRC_01,LICRNA_03
262,B250508004_n01_LICRNA03_G09.fastq.gz,G09,71,LIC439,plant,c1_t05,2/10/24,12:00,LICCIRC_01,LICRNA_03
263,B250508004_n01_LICRNA03_H09.fastq.gz,H09,72,LIC440,plant,c1_t05,2/10/24,12:00,LICCIRC_01,LICRNA_03
264,B250508004_n01_LICRNA03_A10.fastq.gz,A10,73,LIC445,plant,c1_t06,2/10/24,16:00,LICCIRC_01,LICRNA_03
265,B250508004_n01_LICRNA03_B10.fastq.gz,B10,74,LIC446,plant,c1_t06,2/10/24,16:00,LICCIRC_01,LICRNA_03
266,B250508004_n01_LICRNA03_C10.fastq.gz,C10,75,LIC447,plant,c1_t06,2/10/24,16:00,LICCIRC_01,LICRNA_03
267,B250508004_n01_LICRNA03_D10.fastq.gz,D10,76,LIC448,plant,c1_t06,2/10/24,16:00,LICCIRC_01,LICRNA_03
268,B250508004_n01_LICRNA03_E10.fastq.gz,E10,77,LIC449,plant,c1_t06,2/10/24,16:00,LICCIRC_01,LICRNA_03
269,B250508004_n01_LICRNA03_F10.fastq.gz,F10,78,LIC450,plant,c1_t06,2/10/24,16:00,LICCIRC_01,LICRNA_03
270,B250508004_n01_LICRNA03_G10.fastq.gz,G10,79,LIC451,plant,c1_t06,2/10/24,16:00,LICCIRC_01,LICRNA_03
271,B250508004_n01_LICRNA03_H10.fastq.gz,H10,80,LIC452,plant,c1_t06,2/10/24,16:00,LICCIRC_01,LICRNA_03
272,B250508004_n01_LICRNA03_A11.fastq.gz,A11,81,LIC457,plant,c1_t07,2/10/24,20:00,LICCIRC_01,LICRNA_03
273,B250508004_n01_LICRNA03_B11.fastq.gz,B11,82,LIC458,plant,c1_t07,2/10/24,20:00,LICCIRC_01,LICRNA_03
274,B250508004_n01_LICRNA03_C11.fastq.gz,C11,83,LIC459,plant,c1_t07,2/10/24,20:00,LICCIRC_01,LICRNA_03
275,B250508004_n01_LICRNA03_D11.fastq.gz,D11,84,LIC460,plant,c1_t07,2/10/24,20:00,LICCIRC_01,LICRNA_03
276,B250508004_n01_LICRNA03_E11.fastq.gz,E11,85,LIC461,plant,c1_t07,2/10/24,20:00,LICCIRC_01,LICRNA_03
277,B250508004_n01_LICRNA03_F11.fastq.gz,F11,86,LIC462,plant,c1_t07,2/10/24,20:00,LICCIRC_01,LICRNA_03
278,B250508004_n01_LICRNA03_G11.fastq.gz,G11,87,LIC463,plant,c1_t07,2/10/24,20:00,LICCIRC_01,LICRNA_03
279,B250508004_n01_LICRNA03_H11.fastq.gz,H11,88,LIC464,plant,c1_t07,2/10/24,20:00,LICCIRC_01,LICRNA_03
280,B250508004_n01_LICRNA03_A12.fastq.gz,A12,89,LIC481,plant,c1_t08,2/11/24,0:00,LICCIRC_02,LICRNA_03
281,B250508004_n01_LICRNA03_B12.fastq.gz,B12,90,LIC482,plant,c1_t08,2/11/24,0:00,LICCIRC_02,LICRNA_03
282,B250508004_n01_LICRNA03_C12.fastq.gz,C12,91,LIC483,plant,c1_t08,2/11/24,0:00,LICCIRC_02,LICRNA_03
283,B250508004_n01_LICRNA03_D12.fastq.gz,D12,92,LIC484,plant,c1_t08,2/11/24,0:00,LICCIRC_02,LICRNA_03
284,B250508004_n01_LICRNA03_E12.fastq.gz,E12,93,LIC485,plant,c1_t08,2/11/24,0:00,LICCIRC_02,LICRNA_03
285,B250508004_n01_LICRNA03_F12.fastq.gz,F12,94,LIC486,plant,c1_t08,2/11/24,0:00,LICCIRC_02,LICRNA_03
286,B250508004_n01_LICRNA03_G12.fastq.gz,G12,95,LIC487,plant,c1_t08,2/11/24,0:00,LICCIRC_02,LICRNA_03
287,B250508004_n01_LICRNA03_H12.fastq.gz,H12,96,LIC488,plant,c1_t08,2/11/24,0:00,LICCIRC_02,LICRNA_03
288,B2449500127_n01_LICRNA04_A01.fastq.gz,A01,1,LIC481,plant,c1_t08,2/11/24,0:00,LICCIRC_02,LICRNA_04
289,B2449500127_n01_LICRNA04_B01.fastq.gz,B01,2,LIC482,plant,c1_t08,2/11/24,0:00,LICCIRC_02,LICRNA_04
290,B2449500127_n01_LICRNA04_C01.fastq.gz,C01,3,LIC483,plant,c1_t08,2/11/24,0:00,LICCIRC_02,LICRNA_04
291,B2449500127_n01_LICRNA04_D01.fastq.gz,D01,4,LIC484,plant,c1_t08,2/11/24,0:00,LICCIRC_02,LICRNA_04
292,B2449500127_n01_LICRNA04_E01.fastq.gz,E01,5,LIC485,plant,c1_t08,2/11/24,0:00,LICCIRC_02,LICRNA_04
293,B2449500127_n01_LICRNA04_F01.fastq.gz,F01,6,LIC486,plant,c1_t08,2/11/24,0:00,LICCIRC_02,LICRNA_04
294,B2449500127_n01_LICRNA04_G01.fastq.gz,G01,7,LIC487,plant,c1_t08,2/11/24,0:00,LICCIRC_02,LICRNA_04
295,B2449500127_n01_LICRNA04_H01.fastq.gz,H01,8,LIC488,plant,c1_t08,2/11/24,0:00,LICCIRC_02,LICRNA_04
296,B2449500127_n01_LICRNA04_A02.fastq.gz,A02,9,LIC493,plant,c1_t09,2/11/24,4:00,LICCIRC_02,LICRNA_04
297,B2449500127_n01_LICRNA04_B02.fastq.gz,B02,10,LIC494,plant,c1_t09,2/11/24,4:00,LICCIRC_02,LICRNA_04
298,B2449500127_n01_LICRNA04_C02.fastq.gz,C02,11,LIC495,plant,c1_t09,2/11/24,4:00,LICCIRC_02,LICRNA_04
299,B2449500127_n01_LICRNA04_D02.fastq.gz,D02,12,LIC496,plant,c1_t09,2/11/24,4:00,LICCIRC_02,LICRNA_04
300,B2449500127_n01_LICRNA04_E02.fastq.gz,E02,13,LIC497,plant,c1_t09,2/11/24,4:00,LICCIRC_02,LICRNA_04
301,B2449500127_n01_LICRNA04_F02.fastq.gz,F02,14,LIC498,plant,c1_t09,2/11/24,4:00,LICCIRC_02,LICRNA_04
302,B2449500127_n01_LICRNA04_G02.fastq.gz,G02,15,LIC499,plant,c1_t09,2/11/24,4:00,LICCIRC_02,LICRNA_04
303,B2449500127_n01_LICRNA04_H02.fastq.gz,H02,16,LIC500,plant,c1_t09,2/11/24,4:00,LICCIRC_02,LICRNA_04
304,B2449500127_n01_LICRNA04_A03.fastq.gz,A03,17,LIC505,plant,c1_t10,2/11/24,8:00,LICCIRC_02,LICRNA_04
305,B2449500127_n01_LICRNA04_B03.fastq.gz,B03,18,LIC506,plant,c1_t10,2/11/24,8:00,LICCIRC_02,LICRNA_04
306,B2449500127_n01_LICRNA04_C03.fastq.gz,C03,19,LIC507,plant,c1_t10,2/11/24,8:00,LICCIRC_02,LICRNA_04
307,B2449500127_n01_LICRNA04_D03.fastq.gz,D03,20,LIC508,plant,c1_t10,2/11/24,8:00,LICCIRC_02,LICRNA_04
308,B2449500127_n01_LICRNA04_E03.fastq.gz,E03,21,LIC509,plant,c1_t10,2/11/24,8:00,LICCIRC_02,LICRNA_04
309,B2449500127_n01_LICRNA04_F03.fastq.gz,F03,22,LIC510,plant,c1_t10,2/11/24,8:00,LICCIRC_02,LICRNA_04
310,B2449500127_n01_LICRNA04_G03.fastq.gz,G03,23,LIC511,plant,c1_t10,2/11/24,8:00,LICCIRC_02,LICRNA_04
311,B2449500127_n01_LICRNA04_H03.fastq.gz,H03,24,LIC512,plant,c1_t10,2/11/24,8:00,LICCIRC_02,LICRNA_04
312,B2449500127_n01_LICRNA04_A04.fastq.gz,A04,25,LIC517,plant,c1_t11,2/11/24,12:00,LICCIRC_02,LICRNA_04
313,B2449500127_n01_LICRNA04_B04.fastq.gz,B04,26,LIC518,plant,c1_t11,2/11/24,12:00,LICCIRC_02,LICRNA_04
314,B2449500127_n01_LICRNA04_C04.fastq.gz,C04,27,LIC519,plant,c1_t11,2/11/24,12:00,LICCIRC_02,LICRNA_04
315,B2449500127_n01_LICRNA04_D04.fastq.gz,D04,28,LIC520,plant,c1_t11,2/11/24,12:00,LICCIRC_02,LICRNA_04
316,B2449500127_n01_LICRNA04_E04.fastq.gz,E04,29,LIC521,plant,c1_t11,2/11/24,12:00,LICCIRC_02,LICRNA_04
317,B2449500127_n01_LICRNA04_F04.fastq.gz,F04,30,LIC522,plant,c1_t11,2/11/24,12:00,LICCIRC_02,LICRNA_04
318,B2449500127_n01_LICRNA04_G04.fastq.gz,G04,31,LIC523,plant,c1_t11,2/11/24,12:00,LICCIRC_02,LICRNA_04
319,B2449500127_n01_LICRNA04_H04.fastq.gz,H04,32,LIC524,plant,c1_t11,2/11/24,12:00,LICCIRC_02,LICRNA_04
320,B2449500127_n01_LICRNA04_A05.fastq.gz,A05,33,LIC529,plant,c1_t12,2/11/24,16:00,LICCIRC_02,LICRNA_04
321,B2449500127_n01_LICRNA04_B05.fastq.gz,B05,34,LIC530,plant,c1_t12,2/11/24,16:00,LICCIRC_02,LICRNA_04
322,B2449500127_n01_LICRNA04_C05.fastq.gz,C05,35,LIC531,plant,c1_t12,2/11/24,16:00,LICCIRC_02,LICRNA_04
323,B2449500127_n01_LICRNA04_D05.fastq.gz,D05,36,LIC532,plant,c1_t12,2/11/24,16:00,LICCIRC_02,LICRNA_04
324,B2449500127_n01_LICRNA04_E05.fastq.gz,E05,37,LIC533,plant,c1_t12,2/11/24,16:00,LICCIRC_02,LICRNA_04
325,B2449500127_n01_LICRNA04_F05.fastq.gz,F05,38,LIC534,plant,c1_t12,2/11/24,16:00,LICCIRC_02,LICRNA_04
326,B2449500127_n01_LICRNA04_G05.fastq.gz,G05,39,LIC535,plant,c1_t12,2/11/24,16:00,LICCIRC_02,LICRNA_04
327,B2449500127_n01_LICRNA04_H05.fastq.gz,H05,40,LIC536,plant,c1_t12,2/11/24,16:00,LICCIRC_02,LICRNA_04
328,B2449500127_n01_LICRNA04_A06.fastq.gz,A06,41,LIC541,plant,c1_t13,2/11/24,20:00,LICCIRC_02,LICRNA_04
329,B2449500127_n01_LICRNA04_B06.fastq.gz,B06,42,LIC542,plant,c1_t13,2/11/24,20:00,LICCIRC_02,LICRNA_04
330,B2449500127_n01_LICRNA04_C06.fastq.gz,C06,43,LIC543,plant,c1_t13,2/11/24,20:00,LICCIRC_02,LICRNA_04
331,B2449500127_n01_LICRNA04_D06.fastq.gz,D06,44,LIC544,plant,c1_t13,2/11/24,20:00,LICCIRC_02,LICRNA_04
332,B2449500127_n01_LICRNA04_E06.fastq.gz,E06,45,LIC545,plant,c1_t13,2/11/24,20:00,LICCIRC_02,LICRNA_04
333,B2449500127_n01_LICRNA04_F06.fastq.gz,F06,46,LIC546,plant,c1_t13,2/11/24,20:00,LICCIRC_02,LICRNA_04
334,B2449500127_n01_LICRNA04_G06.fastq.gz,G06,47,LIC547,plant,c1_t13,2/11/24,20:00,LICCIRC_02,LICRNA_04
335,B2449500127_n01_LICRNA04_H06.fastq.gz,H06,48,LIC548,plant,c1_t13,2/11/24,20:00,LICCIRC_02,LICRNA_04
336,B2449500127_n01_LICRNA04_A07.fastq.gz,A07,49,LIC577,plant,c2_t01,3/1/24,20:00,LICCIRC_03,LICRNA_04
337,B2449500127_n01_LICRNA04_B07.fastq.gz,B07,50,LIC578,plant,c2_t01,3/1/24,20:00,LICCIRC_03,LICRNA_04
338,B2449500127_n01_LICRNA04_C07.fastq.gz,C07,51,LIC579,plant,c2_t01,3/1/24,20:00,LICCIRC_03,LICRNA_04
339,B2449500127_n01_LICRNA04_D07.fastq.gz,D07,52,LIC580,plant,c2_t01,3/1/24,20:00,LICCIRC_03,LICRNA_04
340,B2449500127_n01_LICRNA04_E07.fastq.gz,E07,53,LIC581,plant,c2_t01,3/1/24,20:00,LICCIRC_03,LICRNA_04
341,B2449500127_n01_LICRNA04_F07.fastq.gz,F07,54,LIC582,plant,c2_t01,3/1/24,20:00,LICCIRC_03,LICRNA_04
342,B2449500127_n01_LICRNA04_G07.fastq.gz,G07,55,LIC583,plant,c2_t01,3/1/24,20:00,LICCIRC_03,LICRNA_04
343,B2449500127_n01_LICRNA04_H07.fastq.gz,H07,56,LIC584,plant,c2_t01,3/1/24,20:00,LICCIRC_03,LICRNA_04
344,B2449500127_n01_LICRNA04_A08.fastq.gz,A08,57,LIC589,plant,c2_t02,3/2/24,0:00,LICCIRC_03,LICRNA_04
345,B2449500127_n01_LICRNA04_B08.fastq.gz,B08,58,LIC590,plant,c2_t02,3/2/24,0:00,LICCIRC_03,LICRNA_04
346,B2449500127_n01_LICRNA04_C08.fastq.gz,C08,59,LIC591,plant,c2_t02,3/2/24,0:00,LICCIRC_03,LICRNA_04
347,B2449500127_n01_LICRNA04_D08.fastq.gz,D08,60,LIC592,plant,c2_t02,3/2/24,0:00,LICCIRC_03,LICRNA_04
348,B2449500127_n01_LICRNA04_E08.fastq.gz,E08,61,LIC593,plant,c2_t02,3/2/24,0:00,LICCIRC_03,LICRNA_04
349,B2449500127_n01_LICRNA04_F08.fastq.gz,F08,62,LIC594,plant,c2_t02,3/2/24,0:00,LICCIRC_03,LICRNA_04
350,B2449500127_n01_LICRNA04_G08.fastq.gz,G08,63,LIC595,plant,c2_t02,3/2/24,0:00,LICCIRC_03,LICRNA_04
351,B2449500127_n01_LICRNA04_H08.fastq.gz,H08,64,LIC596,plant,c2_t02,3/2/24,0:00,LICCIRC_03,LICRNA_04
352,B2449500127_n01_LICRNA04_A09.fastq.gz,A09,65,LIC601,plant,c2_t03,3/2/24,4:00,LICCIRC_03,LICRNA_04
353,B2449500127_n01_LICRNA04_B09.fastq.gz,B09,66,LIC602,plant,c2_t03,3/2/24,4:00,LICCIRC_03,LICRNA_04
354,B2449500127_n01_LICRNA04_C09.fastq.gz,C09,67,LIC603,plant,c2_t03,3/2/24,4:00,LICCIRC_03,LICRNA_04
355,B2449500127_n01_LICRNA04_D09.fastq.gz,D09,68,LIC604,plant,c2_t03,3/2/24,4:00,LICCIRC_03,LICRNA_04
356,B2449500127_n01_LICRNA04_E09.fastq.gz,E09,69,LIC605,plant,c2_t03,3/2/24,4:00,LICCIRC_03,LICRNA_04
357,B2449500127_n01_LICRNA04_F09.fastq.gz,F09,70,LIC606,plant,c2_t03,3/2/24,4:00,LICCIRC_03,LICRNA_04
358,B2449500127_n01_LICRNA04_G09.fastq.gz,G09,71,LIC607,plant,c2_t03,3/2/24,4:00,LICCIRC_03,LICRNA_04
359,B2449500127_n01_LICRNA04_H09.fastq.gz,H09,72,LIC608,plant,c2_t03,3/2/24,4:00,LICCIRC_03,LICRNA_04
360,B2449500127_n01_LICRNA04_A10.fastq.gz,A10,73,LIC613,plant,c2_t04,3/2/24,8:00,LICCIRC_03,LICRNA_04
361,B2449500127_n01_LICRNA04_B10.fastq.gz,B10,74,LIC614,plant,c2_t04,3/2/24,8:00,LICCIRC_03,LICRNA_04
362,B2449500127_n01_LICRNA04_C10.fastq.gz,C10,75,LIC615,plant,c2_t04,3/2/24,8:00,LICCIRC_03,LICRNA_04
363,B2449500127_n01_LICRNA04_D10.fastq.gz,D10,76,LIC616,plant,c2_t04,3/2/24,8:00,LICCIRC_03,LICRNA_04
364,B2449500127_n01_LICRNA04_E10.fastq.gz,E10,77,LIC617,plant,c2_t04,3/2/24,8:00,LICCIRC_03,LICRNA_04
365,B2449500127_n01_LICRNA04_F10.fastq.gz,F10,78,LIC618,plant,c2_t04,3/2/24,8:00,LICCIRC_03,LICRNA_04
366,B2449500127_n01_LICRNA04_G10.fastq.gz,G10,79,LIC619,plant,c2_t04,3/2/24,8:00,LICCIRC_03,LICRNA_04
367,B2449500127_n01_LICRNA04_H10.fastq.gz,H10,80,LIC620,plant,c2_t04,3/2/24,8:00,LICCIRC_03,LICRNA_04
368,B2449500127_n01_LICRNA04_A11.fastq.gz,A11,81,LIC625,plant,c2_t05,3/2/24,12:00,LICCIRC_03,LICRNA_04
369,B2449500127_n01_LICRNA04_B11.fastq.gz,B11,82,LIC626,plant,c2_t05,3/2/24,12:00,LICCIRC_03,LICRNA_04
370,B2449500127_n01_LICRNA04_C11.fastq.gz,C11,83,LIC627,plant,c2_t05,3/2/24,12:00,LICCIRC_03,LICRNA_04
371,B2449500127_n01_LICRNA04_D11.fastq.gz,D11,84,LIC628,plant,c2_t05,3/2/24,12:00,LICCIRC_03,LICRNA_04
372,B2449500127_n01_LICRNA04_E11.fastq.gz,E11,85,LIC629,plant,c2_t05,3/2/24,12:00,LICCIRC_03,LICRNA_04
373,B2449500127_n01_LICRNA04_F11.fastq.gz,F11,86,LIC630,plant,c2_t05,3/2/24,12:00,LICCIRC_03,LICRNA_04
374,B2449500127_n01_LICRNA04_G11.fastq.gz,G11,87,LIC631,plant,c2_t05,3/2/24,12:00,LICCIRC_03,LICRNA_04
375,B2449500127_n01_LICRNA04_H11.fastq.gz,H11,88,LIC632,plant,c2_t05,3/2/24,12:00,LICCIRC_03,LICRNA_04
376,B2449500127_n01_LICRNA04_A12.fastq.gz,A12,89,LIC637,plant,c2_t06,3/2/24,16:00,LICCIRC_03,LICRNA_04
377,B2449500127_n01_LICRNA04_B12.fastq.gz,B12,90,LIC638,plant,c2_t06,3/2/24,16:00,LICCIRC_03,LICRNA_04
378,B2449500127_n01_LICRNA04_C12.fastq.gz,C12,91,LIC639,plant,c2_t06,3/2/24,16:00,LICCIRC_03,LICRNA_04
379,B2449500127_n01_LICRNA04_D12.fastq.gz,D12,92,LIC640,plant,c2_t06,3/2/24,16:00,LICCIRC_03,LICRNA_04
380,B2449500127_n01_LICRNA04_E12.fastq.gz,E12,93,LIC641,plant,c2_t06,3/2/24,16:00,LICCIRC_03,LICRNA_04
381,B2449500127_n01_LICRNA04_F12.fastq.gz,F12,94,LIC642,plant,c2_t06,3/2/24,16:00,LICCIRC_03,LICRNA_04
382,B2449500127_n01_LICRNA04_G12.fastq.gz,G12,95,LIC643,plant,c2_t06,3/2/24,16:00,LICCIRC_03,LICRNA_04
383,B2449500127_n01_LICRNA04_H12.fastq.gz,H12,96,LIC644,plant,c2_t06,3/2/24,16:00,LICCIRC_03,LICRNA_04
384,A2534491401_n01_LICRNA05_A01,A01,1,LIC673,plant,c2_t07,3/2/24,20:00,LICCIRC_04,LICRNA_05
385,A2534491401_n01_LICRNA05_B01,B01,2,LIC674,plant,c2_t07,3/2/24,20:00,LICCIRC_04,LICRNA_05
386,A2534491401_n01_LICRNA05_C01,C01,3,LIC675,plant,c2_t07,3/2/24,20:00,LICCIRC_04,LICRNA_05
387,A2534491401_n01_LICRNA05_D01,D01,4,LIC676,plant,c2_t07,3/2/24,20:00,LICCIRC_04,LICRNA_05
388,A2534491401_n01_LICRNA05_E01,E01,5,LIC677,plant,c2_t07,3/2/24,20:00,LICCIRC_04,LICRNA_05
389,A2534491401_n01_LICRNA05_F01,F01,6,LIC678,plant,c2_t07,3/2/24,20:00,LICCIRC_04,LICRNA_05
390,A2534491401_n01_LICRNA05_G01,G01,7,LIC679,plant,c2_t07,3/2/24,20:00,LICCIRC_04,LICRNA_05
391,A2534491401_n01_LICRNA05_H01,H01,8,LIC680,plant,c2_t07,3/2/24,20:00,LICCIRC_04,LICRNA_05
392,A2534491401_n01_LICRNA05_A02,A02,9,LIC685,plant,c2_t08,3/3/24,0:00,LICCIRC_04,LICRNA_05
393,A2534491401_n01_LICRNA05_B02,B02,10,LIC686,plant,c2_t08,3/3/24,0:00,LICCIRC_04,LICRNA_05
394,A2534491401_n01_LICRNA05_C02,C02,11,LIC687,plant,c2_t08,3/3/24,0:00,LICCIRC_04,LICRNA_05
395,A2534491401_n01_LICRNA05_D02,D02,12,LIC688,plant,c2_t08,3/3/24,0:00,LICCIRC_04,LICRNA_05
396,A2534491401_n01_LICRNA05_E02,E02,13,LIC689,plant,c2_t08,3/3/24,0:00,LICCIRC_04,LICRNA_05
397,A2534491401_n01_LICRNA05_F02,F02,14,LIC690,plant,c2_t08,3/3/24,0:00,LICCIRC_04,LICRNA_05
398,A2534491401_n01_LICRNA05_G02,G02,15,LIC691,plant,c2_t08,3/3/24,0:00,LICCIRC_04,LICRNA_05
399,A2534491401_n01_LICRNA05_H02,H02,16,LIC692,plant,c2_t08,3/3/24,0:00,LICCIRC_04,LICRNA_05
400,A2534491401_n01_LICRNA05_A03,A03,17,LIC697,plant,c2_t09,3/3/24,4:00,LICCIRC_04,LICRNA_05
401,A2534491401_n01_LICRNA05_B03,B03,18,LIC698,plant,c2_t09,3/3/24,4:00,LICCIRC_04,LICRNA_05
402,A2534491401_n01_LICRNA05_C03,C03,19,LIC699,plant,c2_t09,3/3/24,4:00,LICCIRC_04,LICRNA_05
403,A2534491401_n01_LICRNA05_D03,D03,20,LIC700,plant,c2_t09,3/3/24,4:00,LICCIRC_04,LICRNA_05
404,A2534491401_n01_LICRNA05_E03,E03,21,LIC701,plant,c2_t09,3/3/24,4:00,LICCIRC_04,LICRNA_05
405,A2534491401_n01_LICRNA05_F03,F03,22,LIC702,plant,c2_t09,3/3/24,4:00,LICCIRC_04,LICRNA_05
406,A2534491401_n01_LICRNA05_G03,G03,23,LIC703,plant,c2_t09,3/3/24,4:00,LICCIRC_04,LICRNA_05
407,A2534491401_n01_LICRNA05_H03,H03,24,LIC704,plant,c2_t09,3/3/24,4:00,LICCIRC_04,LICRNA_05
408,A2534491401_n01_LICRNA05_A04,A04,25,LIC709,plant,c2_t10,3/3/24,8:00,LICCIRC_04,LICRNA_05
409,A2534491401_n01_LICRNA05_B04,B04,26,LIC710,plant,c2_t10,3/3/24,8:00,LICCIRC_04,LICRNA_05
410,A2534491401_n01_LICRNA05_C04,C04,27,LIC711,plant,c2_t10,3/3/24,8:00,LICCIRC_04,LICRNA_05
411,A2534491401_n01_LICRNA05_D04,D04,28,LIC712,plant,c2_t10,3/3/24,8:00,LICCIRC_04,LICRNA_05
412,A2534491401_n01_LICRNA05_E04,E04,29,LIC713,plant,c2_t10,3/3/24,8:00,LICCIRC_04,LICRNA_05
413,A2534491401_n01_LICRNA05_F04,F04,30,LIC714,plant,c2_t10,3/3/24,8:00,LICCIRC_04,LICRNA_05
414,A2534491401_n01_LICRNA05_G04,G04,31,LIC715,plant,c2_t10,3/3/24,8:00,LICCIRC_04,LICRNA_05
415,A2534491401_n01_LICRNA05_H04,H04,32,LIC716,plant,c2_t10,3/3/24,8:00,LICCIRC_04,LICRNA_05
416,A2534491401_n01_LICRNA05_A05,A05,33,LIC721,plant,c2_t11,3/3/24,12:00,LICCIRC_04,LICRNA_05
417,A2534491401_n01_LICRNA05_B05,B05,34,LIC722,plant,c2_t11,3/3/24,12:00,LICCIRC_04,LICRNA_05
418,A2534491401_n01_LICRNA05_C05,C05,35,LIC723,plant,c2_t11,3/3/24,12:00,LICCIRC_04,LICRNA_05
419,A2534491401_n01_LICRNA05_D05,D05,36,LIC724,plant,c2_t11,3/3/24,12:00,LICCIRC_04,LICRNA_05
420,A2534491401_n01_LICRNA05_E05,E05,37,LIC725,plant,c2_t11,3/3/24,12:00,LICCIRC_04,LICRNA_05
421,A2534491401_n01_LICRNA05_F05,F05,38,LIC726,plant,c2_t11,3/3/24,12:00,LICCIRC_04,LICRNA_05
422,A2534491401_n01_LICRNA05_G05,G05,39,LIC727,plant,c2_t11,3/3/24,12:00,LICCIRC_04,LICRNA_05
423,A2534491401_n01_LICRNA05_H05,H05,40,LIC728,plant,c2_t11,3/3/24,12:00,LICCIRC_04,LICRNA_05
424,A2534491401_n01_LICRNA05_A06,A06,41,LIC733,plant,c2_t12,3/3/24,16:00,LICCIRC_04,LICRNA_05
425,A2534491401_n01_LICRNA05_B06,B06,42,LIC734,plant,c2_t12,3/3/24,16:00,LICCIRC_04,LICRNA_05
426,A2534491401_n01_LICRNA05_C06,C06,43,LIC735,plant,c2_t12,3/3/24,16:00,LICCIRC_04,LICRNA_05
427,A2534491401_n01_LICRNA05_D06,D06,44,LIC736,plant,c2_t12,3/3/24,16:00,LICCIRC_04,LICRNA_05
428,A2534491401_n01_LICRNA05_E06,E06,45,LIC737,plant,c2_t12,3/3/24,16:00,LICCIRC_04,LICRNA_05
429,A2534491401_n01_LICRNA05_F06,F06,46,LIC738,plant,c2_t12,3/3/24,16:00,LICCIRC_04,LICRNA_05
430,A2534491401_n01_LICRNA05_G06,G06,47,LIC739,plant,c2_t12,3/3/24,16:00,LICCIRC_04,LICRNA_05
431,A2534491401_n01_LICRNA05_H06,H06,48,LIC740,plant,c2_t12,3/3/24,16:00,LICCIRC_04,LICRNA_05
432,A2534491401_n01_LICRNA05_A07,A07,49,LIC745,plant,c2_t13,3/3/24,20:00,LICCIRC_04,LICRNA_05
433,A2534491401_n01_LICRNA05_B07,B07,50,LIC746,plant,c2_t13,3/3/24,20:00,LICCIRC_04,LICRNA_05
434,A2534491401_n01_LICRNA05_C07,C07,51,LIC747,plant,c2_t13,3/3/24,20:00,LICCIRC_04,LICRNA_05
435,A2534491401_n01_LICRNA05_D07,D07,52,LIC748,plant,c2_t13,3/3/24,20:00,LICCIRC_04,LICRNA_05
436,A2534491401_n01_LICRNA05_E07,E07,53,LIC749,plant,c2_t13,3/3/24,20:00,LICCIRC_04,LICRNA_05
437,A2534491401_n01_LICRNA05_F07,F07,54,LIC750,plant,c2_t13,3/3/24,20:00,LICCIRC_04,LICRNA_05
438,A2534491401_n01_LICRNA05_G07,G07,55,LIC751,plant,c2_t13,3/3/24,20:00,LICCIRC_04,LICRNA_05
439,A2534491401_n01_LICRNA05_H07,H07,56,LIC752,plant,c2_t13,3/3/24,20:00,LICCIRC_04,LICRNA_05
440,A2534491401_n01_LICRNA05_A08,A08,57,LIC061,plant,t06,11/28/23,8:00,LIC_01,LICRNA_05
441,A2534491401_n01_LICRNA05_B08,B08,58,LIC097,plant,t09,12/8/23,8:00,LIC_02,LICRNA_05
442,A2534491401_n01_LICRNA05_C08,C08,59,LIC135,plant,t12,1/5/24,8:00,LIC_02,LICRNA_05
443,A2534491401_n01_LICRNA05_D08,D08,60,LIC136,plant,t12,1/5/24,8:00,LIC_02,LICRNA_05
444,A2534491401_n01_LICRNA05_E08,E08,61,LIC148,plant,t13,1/15/24,8:00,LIC_02,LICRNA_05
445,A2534491401_n01_LICRNA05_F08,F08,62,LIC030,plant,t03,11/14/23,8:00,LIC_01,LICRNA_05
446,A2534491401_n01_LICRNA05_G08,G08,63,LIC079,plant,t07,12/1/23,8:00,LIC_01,LICRNA_05
447,A2534491401_n01_LICRNA05_H08,H08,64,LIC205,plant,t18,2/6/24,8:00,LIC_03,LICRNA_05
448,A2534491401_n01_LICRNA05_A09,A09,65,LIC162,plant,t14,1/23/24,8:00,LIC_02,LICRNA_05
449,A2534491401_n01_LICRNA05_B09,B09,66,LIC296,plant,t25,3/5/24,8:00,LIC_04,LICRNA_05
450,A2534491401_n01_LICRNA05_C09,C09,67,LIC253,plant,t22,2/23/24,8:00,LIC_03,LICRNA_05
451,A2534491401_n01_LICRNA05_D09,D09,68,LIC433,plant,c1_t05,2/10/24,12:00,LICCIRC_01,LICRNA_05
452,A2534491401_n01_LICRNA05_E09,E09,69,LIC344,plant,t24,3/1/24,8:00,LIC_04,LICRNA_05
453,A2534491401_n01_LICRNA05_F09,F09,70,LIC452,plant,c1_t06,2/10/24,16:00,LICCIRC_01,LICRNA_05
454,A2534491401_n01_LICRNA05_G09,G09,71,LIC517,plant,c1_t11,2/11/24,12:00,LICCIRC_02,LICRNA_05
455,A2534491401_n01_LICRNA05_H09,H09,72,LIC541,plant,c1_t13,2/11/24,20:00,LICCIRC_02,LICRNA_05
456,A2534491401_n01_LICRNA05_A10,A10,73,LIC577,plant,c2_t01,3/1/24,20:00,LICCIRC_03,LICRNA_05
457,A2534491401_n01_LICRNA05_B10,B10,74,LIC509,plant,c1_t10,2/11/24,8:00,LICCIRC_02,LICRNA_05
458,A2534491401_n01_LICRNA05_C10,C10,75,LIC632,plant,c2_t05,3/2/24,12:00,LICCIRC_03,LICRNA_05
459,A2534491401_n01_LICRNA05_D10,D10,76,LIC157,plant,t14,1/23/24,8:00,LIC_02,LICRNA_05
460,A2534491401_n01_LICRNA05_E10,E10,77,LIC486,plant,c1_t08,2/11/24,0:00,LICCIRC_02,LICRNA_05
461,A2534491401_n01_LICRNA05_F10,F10,78,LIC385,plant,c1_t01,2/9/24,20:00,LICCIRC_01,LICRNA_05
462,A2534491401_n01_LICRNA05_G10,G10,79,LIC482,plant,c1_t08,2/11/24,0:00,LICCIRC_02,LICRNA_05
463,A2534491401_n01_LICRNA05_H10,H10,80,LIC020,plant,t02,11/7/23,8:00,LIC_01,LICRNA_05
464,A2534491401_n01_LICRNA05_A11,A11,81,LIC506,plant,c1_t10,2/11/24,8:00,LICCIRC_02,LICRNA_05
465,A2534491401_n01_LICRNA05_B11,B11,82,LIC578,plant,c2_t01,3/1/24,20:00,LICCIRC_03,LICRNA_05
466,A2534491401_n01_LICRNA05_C11,C11,83,LIC148,plant,t13,1/15/24,8:00,LIC_02,LICRNA_05
467,A2534491401_n01_LICRNA05_D11,D11,84,LIC350,plant,t16,1/30/24,8:00,LIC_04,LICRNA_05
468,A2534491401_n01_LICRNA05_E11,E11,85,LIC013,plant,t02,11/7/23,8:00,LIC_01,LICRNA_05
469,A2534491401_n01_LICRNA05_F11,F11,86,LIC291,plant,t25,3/5/24,8:00,LIC_04,LICRNA_05
470,A2534491401_n01_LICRNA05_G11,G11,87,LIC055,plant,t05,11/21/23,8:00,LIC_01,LICRNA_05
471,A2534491401_n01_LICRNA05_H11,H11,88,LIC015,plant,t02,11/7/23,8:00,LIC_01,LICRNA_05
472,A2534491401_n01_LICRNA05_A12,A12,89,LIC295,plant,t25,3/5/24,8:00,LIC_04,LICRNA_05
473,A2534491401_n01_LICRNA05_B12,B12,90,LIC007,plant,t01,11/1/23,8:00,LIC_01,LICRNA_05
474,A2534491401_n01_LICRNA05_C12,C12,91,LIC004,plant,t01,11/1/23,8:00,LIC_01,LICRNA_05
475,A2534491401_n01_LICRNA05_D12,D12,92,LIC542,plant,c1_t13,2/11/24,20:00,LICCIRC_02,LICRNA_05
476,A2534491401_n01_LICRNA05_E12,E12,93,LIC495,plant,c1_t09,2/11/24,4:00,LICCIRC_02,LICRNA_05
477,A2534491401_n01_LICRNA05_F12,F12,94,LIC421,plant,c1_t04,2/10/24,8:00,LICCIRC_01,LICRNA_05
478,A2534491401_n01_LICRNA05_G12,G12,95,LIC493,plant,c1_t09,2/11/24,4:00,LICCIRC_02,LICRNA_05
479,A2534491401_n01_LICRNA05_H12,H12,96,LIC505,plant,c1_t10,2/11/24,8:00,LICCIRC_02,LICRNA_05
